WorkFlowEventTypeID,WorkFlowEventProgramme,WorkFlowEventStageID,WorkFlowEventStageCategory,WorkFlowEventStageName,WorkFlowEventID,WorkFlowEvenName,WorkFlowEventType,CorrespondenceName,DocumentName,ActivityName,BarrierName,DocumentTrackingName,WorkFlowEventDate,WorkFlowEventDueDate,WorkFlowPreviousEventID,WorkFlowEventSLAType,WorkFlowEventSLADurationType,WorkFlowEventSLAFrom,WorkFlowEventSLADuration,WorkFlowEventActionType,WorkFlowEventCSSRelated,WorkFlowEventRecurring,WorkFlowEventTypeCount,WorkFlowEventTypeExit,SkippableEventID
1,WHP Wales,1,Referral,PRaP Referral,10,PRaP Referral,Referral,,,,,,Referral Date,,,,,,,,,,,,
2,WHP Wales,1,Referral,Initial Contact,20,Initial Contact,First Correspondence,Any,,,,,,,10,10,Working Days,,2,,CSS2,,,,
3,WHP Wales,1,Referral,Initial Appointment,30,Initial Appointment Booked,Initial Appointment Booked,,,Any,Initial Appointment,,,,20,,,,,,,Y,,,
4,WHP Wales,1,Referral,Initial Appointment,40,Initial Appointment Failed To Attend,Initial Appointment Failed To Attend,,,Any,Initial Appointment,,,,30,,,,,,,Y,,,
5,WHP Wales,1,Referral,Initial Appointment,50,Initial Appointment Attended,Initial Appointment Attended,,,Any,Initial Appointment,,,,40,10,Working Days,,15,,CSS1,,,,
6,WHP Wales,1,Referral,Work First Appraisal,60,Work First Appraisal,Activity,,,%Work First Appraisal%,,,,,50,,Working Days,,20,,CSS9,Y,,,
7,WHP Wales,1,Referral,Welcome Pack,70,Welcome Pack Sent,Correspondence,BOT - Welcome Pack,,,,,,,60,140,Working Days,,1,,CSS6,,,,
8,WHP Wales,1,Referral,Welcome Pack,80,Welcome Pack Uploaded,Documents,,%Welcome%Pack%,,,,,,70,140,Working Days,,1,,CSS6,,,,
9,WHP Wales,1,Referral,Action Plan,90,Initial Action Plan Uploaded,Documents,,%Action%Plan% Or %AP%,,,,,,80,10,Working Days,,20,,CSS7,,,,
10,WHP Wales,1,Referral,Action Plan,95,Monthly Action Plan Review,Documents,,%Action%Plan% Or %AP%,,,,,,90,90,Calendar Month -1,,1,,,Y,,,
11,WHP Wales,1,Referral,Referral Documents,100,Referral Documents Sent,Document Tracking,,,,,%Consent%,,,95,,,,,,,,,,
12,WHP Wales,1,Referral,Referral Documents,110,Referral Documents In Query,Document Tracking,,,,,%Consent%,,,100,,,,,,,Y,,,
13,WHP Wales,1,Referral,Referral Documents,120,Referral Documents Resent,Document Tracking,,,,,%Consent%,,,110,,,,,,,Y,,,
14,WHP Wales,1,Referral,Referral Documents,130,Referral Documents Completed,Document Tracking,,,,,%Consent%,,,120,,,,,,,,,,
15,WHP Wales,2,On Programme,Programme Start,140,Programme Start,Case,,,,,,,,130,,,,,,,,,,
16,WHP Wales,2,On Programme,First Contact,150,First Contact,Activity,Any,,Any,,,,,140,140,Working Days,,10,,CSS8,Y,,,
17,WHP Wales,2,On Programme,Missed Appointments,155,Missed Appointments,Activity,,,Any,,,,,150,155,Working Days,,1,,CSS10,Y,,,
18,WHP Wales,2,On Programme,Submission,160,Submission,Submissions,,,,,,,,155,,,,,,,Y,,,
19,WHP Wales,2,On Programme,Interview,170,Interview,Interview,,,,,,,,160,,,,,,,Y,,,
20,WHP Wales,2,On Programme,Offer Accepted,180,Offer Accepted,Submissions,,,,,,,,170,,,,,,,Y,,,
21,WHP Wales,2,On Programme,Catch up,190,Catch up weeks 1-2,StartEndOfPreviousEvent_StopAtNextEvent,,,,,,,,140,,Working Days From/To,0,10,,CSS8\CSS12,N,,,
22,WHP Wales,2,On Programme,Catch up,200,Catch up weeks 2-3,StartEndOfPreviousEvent_StopAtNextEvent,,,,,,,,140,,Working Days From/To,11,10,,CSS8\CSS12,N,,,
23,WHP Wales,2,On Programme,Catch up,210,Catch up weeks 3-4,StartEndOfPreviousEvent_StopAtNextEvent,,,,,,,,140,,Working Days From/To,21,10,,CSS8\CSS12,N,,,
24,WHP Wales,2,On Programme,Catch up,220,Catch up weeks 4-5,StartEndOfPreviousEvent_StopAtNextEvent,,,,,,,,140,,Working Days From/To,31,10,,CSS8\CSS12,N,,,
25,WHP Wales,2,On Programme,Catch up,230,Catch up weeks 5-6,StartEndOfPreviousEvent_StopAtNextEvent,,,,,,,,140,,Working Days From/To,41,10,,CSS8\CSS12,N,,,
26,WHP Wales,2,On Programme,Catch up,240,Catch up weeks 6-7,StartEndOfPreviousEvent_StopAtNextEvent,,,,,,,,140,,Working Days From/To,51,10,,CSS8\CSS12,N,,,
27,WHP Wales,2,On Programme,Catch up,250,Catch up weeks 7-8,StartEndOfPreviousEvent_StopAtNextEvent,,,,,,,,140,,Working Days From/To,61,10,,CSS8\CSS12,N,,,
28,WHP Wales,2,On Programme,Catch up,260,Catch up weeks 8-9,StartEndOfPreviousEvent_StopAtNextEvent,,,,,,,,140,,Working Days From/To,71,10,,CSS8\CSS12,N,,,
29,WHP Wales,2,On Programme,Catch up,270,Catch up weeks 9-10,StartEndOfPreviousEvent_StopAtNextEvent,,,,,,,,140,,Working Days From/To,81,10,,CSS8\CSS12,N,,,
30,WHP Wales,2,On Programme,Catch up,280,Catch up weeks 10-11,StartEndOfPreviousEvent_StopAtNextEvent,,,,,,,,140,,Working Days From/To,91,10,,CSS8\CSS12,N,,,
31,WHP Wales,2,On Programme,Catch up,290,Catch up weeks 11-12,StartEndOfPreviousEvent_StopAtNextEvent,,,,,,,,140,,Working Days From/To,101,10,,CSS8\CSS12,N,,,
32,WHP Wales,2,On Programme,Catch up,300,Catch up weeks 12-13,StartEndOfPreviousEvent_StopAtNextEvent,,,,,,,,140,,Working Days From/To,111,10,,CSS8\CSS12,N,,,
33,WHP Wales,2,On Programme,Catch up,310,Catch up weeks 13-14,StartEndOfPreviousEvent_StopAtNextEvent,,,,,,,,140,,Working Days From/To,121,10,,CSS8\CSS12,N,,,
34,WHP Wales,2,On Programme,Catch up,320,Catch up weeks 14-15,StartEndOfPreviousEvent_StopAtNextEvent,,,,,,,,140,,Working Days From/To,131,10,,CSS8\CSS12,N,,,
35,WHP Wales,2,On Programme,Catch up,330,Catch up weeks 15-16,StartEndOfPreviousEvent_StopAtNextEvent,,,,,,,,140,,Working Days From/To,141,10,,CSS8\CSS12,N,,,
36,WHP Wales,2,On Programme,Catch up,340,Catch up weeks 16-17,StartEndOfPreviousEvent_StopAtNextEvent,,,,,,,,140,,Working Days From/To,151,10,,CSS8\CSS12,N,,,
37,WHP Wales,2,On Programme,Catch up,350,Catch up weeks 17-18,StartEndOfPreviousEvent_StopAtNextEvent,,,,,,,,140,,Working Days From/To,161,10,,CSS8\CSS12,N,,,
38,WHP Wales,2,On Programme,Catch up,360,Catch up weeks 18-19,StartEndOfPreviousEvent_StopAtNextEvent,,,,,,,,140,,Working Days From/To,171,10,,CSS8\CSS12,N,,,
39,WHP Wales,2,On Programme,Catch up,370,Catch up weeks 19-20,StartEndOfPreviousEvent_StopAtNextEvent,,,,,,,,140,,Working Days From/To,181,10,,CSS8\CSS12,N,,,
40,WHP Wales,2,On Programme,Catch up,380,Catch up weeks 20-21,StartEndOfPreviousEvent_StopAtNextEvent,,,,,,,,140,,Working Days From/To,191,10,,CSS8\CSS12,N,,,
41,WHP Wales,2,On Programme,Catch up,390,Catch up weeks 21-22,StartEndOfPreviousEvent_StopAtNextEvent,,,,,,,,140,,Working Days From/To,201,10,,CSS8\CSS12,N,,,
42,WHP Wales,2,On Programme,Catch up,400,Catch up weeks 22-23,StartEndOfPreviousEvent_StopAtNextEvent,,,,,,,,140,,Working Days From/To,211,10,,CSS8\CSS12,N,,,
43,WHP Wales,2,On Programme,Catch up,410,Catch up weeks 23-24,StartEndOfPreviousEvent_StopAtNextEvent,,,,,,,,140,,Working Days From/To,221,10,,CSS8\CSS12,N,,,
44,WHP Wales,2,On Programme,Catch up,420,Catch up weeks 24-25,StartEndOfPreviousEvent_StopAtNextEvent,,,,,,,,140,,Working Days From/To,231,10,,CSS8\CSS12,N,,,
45,WHP Wales,2,On Programme,Catch up,430,Catch up weeks 25-26,StartEndOfPreviousEvent_StopAtNextEvent,,,,,,,,140,,Working Days From/To,241,10,,CSS8\CSS12,N,,,
46,WHP Wales,2,On Programme,Completed - Catch up,440,Completed - Catch up weeks 1-2,Contact,,,,,,,,190,,,,,,,N,,,
47,WHP Wales,2,On Programme,Completed - Catch up,450,Completed - Catch up weeks 2-3,Contact,,,,,,,,200,,,,,,,N,,,
48,WHP Wales,2,On Programme,Completed - Catch up,460,Completed - Catch up weeks 3-4,Contact,,,,,,,,210,,,,,,,N,,,
49,WHP Wales,2,On Programme,Completed - Catch up,470,Completed - Catch up weeks 4-5,Contact,,,,,,,,220,,,,,,,N,,,
50,WHP Wales,2,On Programme,Completed - Catch up,480,Completed - Catch up weeks 5-6,Contact,,,,,,,,230,,,,,,,N,,,
51,WHP Wales,2,On Programme,Completed - Catch up,490,Completed - Catch up weeks 6-7,Contact,,,,,,,,240,,,,,,,N,,,
52,WHP Wales,2,On Programme,Completed - Catch up,500,Completed - Catch up weeks 7-8,Contact,,,,,,,,250,,,,,,,N,,,
53,WHP Wales,2,On Programme,Completed - Catch up,510,Completed - Catch up weeks 8-9,Contact,,,,,,,,260,,,,,,,N,,,
54,WHP Wales,2,On Programme,Completed - Catch up,520,Completed - Catch up weeks 9-10,Contact,,,,,,,,270,,,,,,,N,,,
55,WHP Wales,2,On Programme,Completed - Catch up,530,Completed - Catch up weeks 10-11,Contact,,,,,,,,280,,,,,,,N,,,
56,WHP Wales,2,On Programme,Completed - Catch up,540,Completed - Catch up weeks 11-12,Contact,,,,,,,,290,,,,,,,N,,,
57,WHP Wales,2,On Programme,Completed - Catch up,550,Completed - Catch up weeks 12-13,Contact,,,,,,,,300,,,,,,,N,,,
58,WHP Wales,2,On Programme,Completed - Catch up,560,Completed - Catch up weeks 13-14,Contact,,,,,,,,310,,,,,,,N,,,
59,WHP Wales,2,On Programme,Completed - Catch up,570,Completed - Catch up weeks 14-15,Contact,,,,,,,,320,,,,,,,N,,,
60,WHP Wales,2,On Programme,Completed - Catch up,580,Completed - Catch up weeks 15-16,Contact,,,,,,,,330,,,,,,,N,,,
61,WHP Wales,2,On Programme,Completed - Catch up,590,Completed - Catch up weeks 16-17,Contact,,,,,,,,340,,,,,,,N,,,
62,WHP Wales,2,On Programme,Completed - Catch up,600,Completed - Catch up weeks 17-18,Contact,,,,,,,,350,,,,,,,N,,,
63,WHP Wales,2,On Programme,Completed - Catch up,610,Completed - Catch up weeks 18-19,Contact,,,,,,,,360,,,,,,,N,,,
64,WHP Wales,2,On Programme,Completed - Catch up,620,Completed - Catch up weeks 19-20,Contact,,,,,,,,370,,,,,,,N,,,
65,WHP Wales,2,On Programme,Completed - Catch up,630,Completed - Catch up weeks 20-21,Contact,,,,,,,,380,,,,,,,N,,,
66,WHP Wales,2,On Programme,Completed - Catch up,640,Completed - Catch up weeks 21-22,Contact,,,,,,,,390,,,,,,,N,,,
67,WHP Wales,2,On Programme,Completed - Catch up,650,Completed - Catch up weeks 22-23,Contact,,,,,,,,400,,,,,,,N,,,
68,WHP Wales,2,On Programme,Completed - Catch up,660,Completed - Catch up weeks 23-24,Contact,,,,,,,,410,,,,,,,N,,,
69,WHP Wales,2,On Programme,Completed - Catch up,670,Completed - Catch up weeks 24-25,Contact,,,,,,,,420,,,,,,,N,,,
70,WHP Wales,2,On Programme,Completed - Catch up,680,Completed - Catch up weeks 25-26,Contact,,,,,,,,430,,,,,,,N,,,
71,WHP Wales,3,In Work,Workplace Plan Appointment,690,Workplace Plan Appointment,Activity,,,Work Place Plan Appointment,,,,,180,140,Working Days,,1,,CSS11,Y,,,
72,WHP Wales,3,In Work,Job Start,700,Job Start Added,Assignment,,,,,,Job Start Date Added,,700,,,,,,,,,,
73,WHP Wales,3,In Work,Job Start,710,Job Start Verified,Assignment,,,,,,Job Verified Date,,710,,,,,,,,,,
74,WHP Wales,3,In Work,Job Start,720,Job Start Date,Assignment,,,,,,Job Start Date,,720,,,,,,,,,,
75,WHP Wales,3,In Work,Job Start,730,In Work Contact,Activity,Any,,Any,,,,,730,220,Working Days,,10,,CSS12,Y,,,
76,WHP Wales,3,In Work,In Work Action Plan,740,Action Plan Uploaded,Documents,,%Action%Plan% Or %AP%,,,,,,740,,,,,,,Y,,,
77,WHP Wales,3,In Work,Earnings,750,First HMRC Ping 1 (First Earnings),HMRC Data,,,,,,HRMC ,,750,,,,,,,,,,
78,WHP Wales,3,In Work,Earnings,760,HMRC Ping 2 (1000),HMRC Data,,,,,,,,760,,,,,,,,,,
79,WHP Wales,3,In Work,Earnings,770,HMRC Ping 3 (2000),HMRC Data,,,,,,,,770,,,,,,,,,,
80,WHP Wales,3,In Work,Earnings,780,HMRC Ping 4 (Threshold Reached),HMRC Data,,,,,,,,780,,,,,,,,,,
81,WHP Wales,3,In Work,Earnings,790,First HMRC Ping 5 (Employment End),HMRC Data,,,,,,,,790,,,,,,,,,,
82,WHP Wales,3,In Work,Earnings,800,Job Outcome Paid,Assignment,,,,,,,,800,,,,,,,,,,
83,WHP Wales,4,Exit,Programme Exit,810,Programme Exit,Case,,,,,,Programme Leave Date,,810,,,,,,,,,,
84,WHP Wales,4,Exit,Programme Exit,820,Exit Report Upload,Documents,,WHP Exit Report,,,%Exit Report%,,,820,300,Working Days,,10,,CSS13,,,,
85,WHP Wales,4,Exit,Programme Exit,830,Exit Report Documents Sent,Document Tracking,,,,,%Exit Report%,,,830,,,,,,,,,,
86,WHP Wales,4,Exit,Programme Exit,840,Exit Report Documents In Query,Document Tracking,,,,,%Exit Report%,,,840,,,,,,,,,,
87,WHP Wales,4,Exit,Programme Exit,850,Exit Report Documents Resent,Document Tracking,,,,,%Exit Report%,,,850,,,,,,,,,,
88,WHP Wales,4,Exit,Programme Exit,860,Exit Report Documents Completed,Document Tracking,,,,,%Exit Report%,,,860,,,,,,,,,,
89,WHP Wales,4,Exit,Programme Exit,870,Exit Interview Booked,Activity_Booked_Date,,,Exit Interview,,,,,870,,,,,,,,,,
90,WHP Wales,4,Exit,Programme Exit,880,Exit Interview Failed To Attend,Activity_Failed_Attend_Date,,,Exit Interview,,,,,880,,,,,,,,,,
91,WHP Wales,4,Exit,Programme Exit,890,Exit Interview Attended,Activity_Attended_Date,,,Exit Interview,,,,,890,,,,,,,,,,
92,WHP London,1,Referral,PRaP Referral,10,PRaP Referral,Referral,,,,,,Referral Date,,,,,,,,,,,,
93,WHP London,1,Referral,Initial Contact,20,Initial Contact,First Correspondence,Any,,,,,,,10,10,Working Days,,2,,CSS1,,,,
94,WHP London,1,Referral,Initial Appointment,30,Initial Appointment Booked,Initial Appointment Booked,,,Any,Initial Appointment,,,,20,,,,,,,Y,,,
95,WHP London,1,Referral,Initial Appointment,40,Initial Appointment Failed To Attend,Initial Appointment Failed To Attend,,,Any,Initial Appointment,,,,30,,,,,,,Y,,,
96,WHP London,1,Referral,Initial Appointment,50,Initial Appointment Attended,Initial Appointment Attended,,,Any,Initial Appointment,,,,40,10,Working Days,,15,,CSS2,,,,
97,WHP London,1,Referral,BPSA,60,BPSA,Activity,,,%BPSA%,,,,,50,10,Working Days,,20,,CSS3,Y,,,
98,WHP London,1,Referral,Welcome Pack,70,Welcome Pack Sent,Correspondence,BOT - Welcome Pack,,,,,,,60,140,Working Days,,1,,,,,,
99,WHP London,1,Referral,Welcome Pack,80,ESF1420 Uploaded,Documents,,%ESF1420%,,,,,,70,140,Working Days,,1,,,,,,
100,WHP London,1,Referral,Action Plan,90,Initial Action Plan Uploaded,Documents,,%Action Plan%,,,,,,80,10,Working Days,,20,,CSS4,,,,
101,WHP London,1,Referral,Action Plan,95,Monthly Action Plan Review,Documents,,%Action Plan%,,,,,,90,90,Calendar Month -1,,60,,CSS7,Y,,,
102,WHP London,1,Referral,Referral Documents,100,Referral Documents Sent,Document Tracking,,,,,%Consent%,,,95,,,,,,,,,,
103,WHP London,1,Referral,Referral Documents,110,Referral Documents In Query,Document Tracking,,,,,%Consent%,,,100,,,,,,,Y,,,
104,WHP London,1,Referral,Referral Documents,120,Referral Documents Resent,Document Tracking,,,,,%Consent%,,,110,,,,,,,Y,,,
105,WHP London,1,Referral,Referral Documents,130,Referral Documents Completed,Document Tracking,,,,,%Consent%,,,120,,,,,,,,,,
106,WHP London,2,On Programme,Programme Start,140,Programme Start,Case,,,,,,,,130,,,,,,,,,,
107,WHP London,2,On Programme,First Contact,150,First Contact,Activity,Any,,Any,,,,,140,140,Working Days,,10,,CSS6,Y,,,
108,WHP London,2,On Programme,Missed Appointments,155,Missed Appointments,Activity,,,Any,,,,,150,155,Working Days,,2,,,Y,,,
109,WHP London,2,On Programme,Onboartding Activity,160,BOC - Better off Calculation,Activity,,,%BOC%,,,,,155,,Working Days,,30,,CSS9,,,,
110,WHP London,2,On Programme,Onboartding Activity,170,CV Review,Activity,,,%CV%,,,,,160,,,,,,CSS8,,,,
111,WHP London,2,On Programme,Onboartding Activity,180,Mock Interview,Activity,,,%Mock%,,,,,170,,Working Days,,90,,CSS11,,,,
112,WHP London,2,On Programme,Submission,190,Submission,Submissions,,,,,,,,180,,,,,,,Y,,,
113,WHP London,2,On Programme,Interview,200,Interview,Interview,,,,,,,,190,,,,,,,Y,,,
114,WHP London,2,On Programme,Offer Accepted,210,Offer Accepted,Submissions,,,,,,,,200,,,,,,,Y,,,
115,WHP London,2,On Programme,Transition to Work Assessment,220,Transition to Work Assessment,Activity,,,,,,,,210,,,,,,,,,,
116,WHP London,2,On Programme,Catch up,500,Catch up weeks 1-2,StartEndOfPreviousEvent_StopAtNextEvent,,,,,,,,140,,Working Days From/To,0,10,,CSS5,N,,,
117,WHP London,2,On Programme,Catch up,510,Catch up weeks 2-3,StartEndOfPreviousEvent_StopAtNextEvent,,,,,,,,140,,Working Days From/To,11,10,,CSS5,N,,,
118,WHP London,2,On Programme,Catch up,520,Catch up weeks 3-4,StartEndOfPreviousEvent_StopAtNextEvent,,,,,,,,140,,Working Days From/To,21,10,,CSS5,N,,,
119,WHP London,2,On Programme,Catch up,530,Catch up weeks 4-5,StartEndOfPreviousEvent_StopAtNextEvent,,,,,,,,140,,Working Days From/To,31,10,,CSS5,N,,,
120,WHP London,2,On Programme,Catch up,540,Catch up weeks 5-6,StartEndOfPreviousEvent_StopAtNextEvent,,,,,,,,140,,Working Days From/To,41,10,,CSS5,N,,,
121,WHP London,2,On Programme,Catch up,550,Catch up weeks 6-7,StartEndOfPreviousEvent_StopAtNextEvent,,,,,,,,140,,Working Days From/To,51,10,,CSS5,N,,,
122,WHP London,2,On Programme,Catch up,560,Catch up weeks 7-8,StartEndOfPreviousEvent_StopAtNextEvent,,,,,,,,140,,Working Days From/To,61,10,,CSS5,N,,,
123,WHP London,2,On Programme,Catch up,570,Catch up weeks 8-9,StartEndOfPreviousEvent_StopAtNextEvent,,,,,,,,140,,Working Days From/To,71,10,,CSS5,N,,,
124,WHP London,2,On Programme,Catch up,580,Catch up weeks 9-10,StartEndOfPreviousEvent_StopAtNextEvent,,,,,,,,140,,Working Days From/To,81,10,,CSS5,N,,,
125,WHP London,2,On Programme,Catch up,590,Catch up weeks 10-11,StartEndOfPreviousEvent_StopAtNextEvent,,,,,,,,140,,Working Days From/To,91,10,,CSS5,N,,,
126,WHP London,2,On Programme,Catch up,600,Catch up weeks 11-12,StartEndOfPreviousEvent_StopAtNextEvent,,,,,,,,140,,Working Days From/To,101,10,,CSS5,N,,,
127,WHP London,2,On Programme,Catch up,610,Catch up weeks 12-13,StartEndOfPreviousEvent_StopAtNextEvent,,,,,,,,140,,Working Days From/To,111,10,,CSS5,N,,,
128,WHP London,2,On Programme,Catch up,620,Catch up weeks 13-14,StartEndOfPreviousEvent_StopAtNextEvent,,,,,,,,140,,Working Days From/To,121,10,,CSS5,N,,,
129,WHP London,2,On Programme,Catch up,630,Catch up weeks 14-15,StartEndOfPreviousEvent_StopAtNextEvent,,,,,,,,140,,Working Days From/To,131,10,,CSS5,N,,,
130,WHP London,2,On Programme,Catch up,640,Catch up weeks 15-16,StartEndOfPreviousEvent_StopAtNextEvent,,,,,,,,140,,Working Days From/To,141,10,,CSS5,N,,,
131,WHP London,2,On Programme,Catch up,650,Catch up weeks 16-17,StartEndOfPreviousEvent_StopAtNextEvent,,,,,,,,140,,Working Days From/To,151,10,,CSS5,N,,,
132,WHP London,2,On Programme,Catch up,660,Catch up weeks 17-18,StartEndOfPreviousEvent_StopAtNextEvent,,,,,,,,140,,Working Days From/To,161,10,,CSS5,N,,,
133,WHP London,2,On Programme,Catch up,670,Catch up weeks 18-19,StartEndOfPreviousEvent_StopAtNextEvent,,,,,,,,140,,Working Days From/To,171,10,,CSS5,N,,,
134,WHP London,2,On Programme,Catch up,680,Catch up weeks 19-20,StartEndOfPreviousEvent_StopAtNextEvent,,,,,,,,140,,Working Days From/To,181,10,,CSS5,N,,,
135,WHP London,2,On Programme,Catch up,690,Catch up weeks 20-21,StartEndOfPreviousEvent_StopAtNextEvent,,,,,,,,140,,Working Days From/To,191,10,,CSS5,N,,,
136,WHP London,2,On Programme,Catch up,700,Catch up weeks 21-22,StartEndOfPreviousEvent_StopAtNextEvent,,,,,,,,140,,Working Days From/To,201,10,,CSS5,N,,,
137,WHP London,2,On Programme,Catch up,710,Catch up weeks 22-23,StartEndOfPreviousEvent_StopAtNextEvent,,,,,,,,140,,Working Days From/To,211,10,,CSS5,N,,,
138,WHP London,2,On Programme,Catch up,720,Catch up weeks 23-24,StartEndOfPreviousEvent_StopAtNextEvent,,,,,,,,140,,Working Days From/To,221,10,,CSS5,N,,,
139,WHP London,2,On Programme,Catch up,730,Catch up weeks 24-25,StartEndOfPreviousEvent_StopAtNextEvent,,,,,,,,140,,Working Days From/To,231,10,,CSS5,N,,,
140,WHP London,2,On Programme,Catch up,740,Catch up weeks 25-26,StartEndOfPreviousEvent_StopAtNextEvent,,,,,,,,140,,Working Days From/To,241,10,,CSS5,N,,,
141,WHP London,2,On Programme,Completed - Catch up,750,Completed - Catch up weeks 1-2,Contact,,,,,,,,500,,,,,,,N,,,
142,WHP London,2,On Programme,Completed - Catch up,760,Completed - Catch up weeks 2-3,Contact,,,,,,,,510,,,,,,,N,,,
143,WHP London,2,On Programme,Completed - Catch up,770,Completed - Catch up weeks 3-4,Contact,,,,,,,,520,,,,,,,N,,,
144,WHP London,2,On Programme,Completed - Catch up,780,Completed - Catch up weeks 4-5,Contact,,,,,,,,530,,,,,,,N,,,
145,WHP London,2,On Programme,Completed - Catch up,790,Completed - Catch up weeks 5-6,Contact,,,,,,,,540,,,,,,,N,,,
146,WHP London,2,On Programme,Completed - Catch up,800,Completed - Catch up weeks 6-7,Contact,,,,,,,,550,,,,,,,N,,,
147,WHP London,2,On Programme,Completed - Catch up,810,Completed - Catch up weeks 7-8,Contact,,,,,,,,560,,,,,,,N,,,
148,WHP London,2,On Programme,Completed - Catch up,820,Completed - Catch up weeks 8-9,Contact,,,,,,,,570,,,,,,,N,,,
149,WHP London,2,On Programme,Completed - Catch up,830,Completed - Catch up weeks 9-10,Contact,,,,,,,,580,,,,,,,N,,,
150,WHP London,2,On Programme,Completed - Catch up,840,Completed - Catch up weeks 10-11,Contact,,,,,,,,590,,,,,,,N,,,
151,WHP London,2,On Programme,Completed - Catch up,850,Completed - Catch up weeks 11-12,Contact,,,,,,,,600,,,,,,,N,,,
152,WHP London,2,On Programme,Completed - Catch up,860,Completed - Catch up weeks 12-13,Contact,,,,,,,,610,,,,,,,N,,,
153,WHP London,2,On Programme,Completed - Catch up,870,Completed - Catch up weeks 13-14,Contact,,,,,,,,620,,,,,,,N,,,
154,WHP London,2,On Programme,Completed - Catch up,880,Completed - Catch up weeks 14-15,Contact,,,,,,,,630,,,,,,,N,,,
155,WHP London,2,On Programme,Completed - Catch up,890,Completed - Catch up weeks 15-16,Contact,,,,,,,,640,,,,,,,N,,,
156,WHP London,2,On Programme,Completed - Catch up,900,Completed - Catch up weeks 16-17,Contact,,,,,,,,650,,,,,,,N,,,
157,WHP London,2,On Programme,Completed - Catch up,910,Completed - Catch up weeks 17-18,Contact,,,,,,,,660,,,,,,,N,,,
158,WHP London,2,On Programme,Completed - Catch up,920,Completed - Catch up weeks 18-19,Contact,,,,,,,,670,,,,,,,N,,,
159,WHP London,2,On Programme,Completed - Catch up,930,Completed - Catch up weeks 19-20,Contact,,,,,,,,680,,,,,,,N,,,
160,WHP London,2,On Programme,Completed - Catch up,940,Completed - Catch up weeks 20-21,Contact,,,,,,,,690,,,,,,,N,,,
161,WHP London,2,On Programme,Completed - Catch up,950,Completed - Catch up weeks 21-22,Contact,,,,,,,,700,,,,,,,N,,,
162,WHP London,2,On Programme,Completed - Catch up,960,Completed - Catch up weeks 22-23,Contact,,,,,,,,710,,,,,,,N,,,
163,WHP London,2,On Programme,Completed - Catch up,970,Completed - Catch up weeks 23-24,Contact,,,,,,,,720,,,,,,,N,,,
164,WHP London,2,On Programme,Completed - Catch up,980,Completed - Catch up weeks 24-25,Contact,,,,,,,,730,,,,,,,N,,,
165,WHP London,2,On Programme,Completed - Catch up,990,Completed - Catch up weeks 25-26,Contact,,,,,,,,740,,,,,,,N,,,
166,WHP London,2,On Programme,Vacancy Family Box,1400,Vacancy Family Box,Activity,,,,,,,,140,140,Working Days,,30,,CSS10,,,,
167,WHP London,2,On Programme,CPN Referral,1500,CPN Referral,Activity,,,,,,,,140,,,,,,CSS12,,,,
168,WHP London,2,On Programme,MPS Sector Routeway,1600,MPS Sector Routeway,Activity,,,MPS Sector Routeway,,,,,140,,,,,,CSS13,,,,
169,WHP London,2,On Programme,NEO Selected,1700,NEO Selected,Activity,,,,,,,,140,,,,,,CSS14,,,,
170,WHP London,2,On Programme,Distance Travelled Score Increase,1800,Distance Travelled Score Increase,Activity,,,,,,,,140,,,,,,CSS17,,,,
171,WHP London,3,In Work,Workplace Plan Appointment,225,Workplace Plan Appointment,Activity,,,Work Place Plan Appointment,,,,,220,,Working Days,,10,,CSS15,Y,,,
172,WHP London,3,In Work,Job Start,230,Job Start Added,Assignment,,,,,,Job Start Date Added,,225,,,,,,,,,,
173,WHP London,3,In Work,Job Start,240,Job Start Verified,Assignment,,,,,,Job Verified Date,,230,,,,,,,,,,
174,WHP London,3,In Work,Job Start,250,Job Start Date,Assignment,,,,,,Job Start Date,,240,,,,,,,,,,
175,WHP London,3,In Work,Job Start,260,In Work Contact,Activity,Any,,Any,,,,,250,220,Calendar Days,,30,,CSS16,Y,,,
176,WHP London,3,In Work,In Work Action Plan,270,Action Plan Uploaded,Documents,,%Action Plan%,,,,,,260,,,,,,,Y,,,
177,WHP London,3,In Work,Earnings,280,First HMRC Ping 1 (First Earnings),HMRC Data,,,,,,HRMC ,,270,,,,,,,,,,
178,WHP London,3,In Work,Earnings,290,HMRC Ping 2 (1000),HMRC Data,,,,,,,,280,,,,,,,,,,
179,WHP London,3,In Work,Earnings,300,HMRC Ping 3 (2000),HMRC Data,,,,,,,,290,,,,,,,,,,
180,WHP London,3,In Work,Earnings,310,HMRC Ping 4 (Threshold Reached),HMRC Data,,,,,,,,300,,,,,,,,,,
181,WHP London,3,In Work,Earnings,320,First HMRC Ping 5 (Employment End),HMRC Data,,,,,,,,310,,,,,,,,,,
182,WHP London,3,In Work,Earnings,330,Job Outcome Paid,Assignment,,,,,,,,320,,,,,,,,,,
183,WHP London,4,Exit,Programme Exit,340,Programme Exit,Case,,,,,,Programme Leave Date,,330,,,,,,,,,,
184,WHP London,4,Exit,Programme Exit,350,Exit Report Upload,Documents,,WHP Exit Report,,,%Exit Report%,,,340,300,Working Days,,10,,,,,,
185,WHP London,4,Exit,Programme Exit,360,Exit Report Documents Sent,Document Tracking,,,,,%Exit Report%,,,350,,,,,,,,,,
186,WHP London,4,Exit,Programme Exit,370,Exit Report Documents In Query,Document Tracking,,,,,%Exit Report%,,,360,,,,,,,,,,
187,WHP London,4,Exit,Programme Exit,380,Exit Report Documents Resent,Document Tracking,,,,,%Exit Report%,,,370,,,,,,,,,,
188,WHP London,4,Exit,Programme Exit,390,Exit Report Documents Completed,Document Tracking,,,,,%Exit Report%,,,380,,,,,,,,,,
189,WHP London,4,Exit,Programme Exit,400,Exit Interview Booked,Activity_Booked_Date,,,Exit Interview,,,,,390,,,,,,,,,,
190,WHP London,4,Exit,Programme Exit,410,Exit Interview Failed To Attend,Activity_Failed_Attend_Date,,,Exit Interview,,,,,400,,,,,,,,,,
191,WHP London,4,Exit,Programme Exit,420,Exit Interview Attended,Activity_Attended_Date,,,Exit Interview,,,,,410,,,,,,,,,,
192,Pioneer Wales,1,Referral,PRaP Referral,10,PRaP Referral,Referral,,,,,,Referral Date,,,,,,,,,,,,
193,Pioneer Wales,1,Referral,Initial Contact,20,Initial Contact,First Correspondence,Any,,,,,,,10,10,Working Days,,2,,CSS2,,,,
194,Pioneer Wales,1,Referral,Initial Appointment,30,Initial Appointment Booked,Initial Appointment Booked,,,Any,Initial Appointment,,,,20,,,,,,,Y,,,
195,Pioneer Wales,1,Referral,Initial Appointment,40,Initial Appointment Failed To Attend,Initial Appointment Failed To Attend,,,Any,Initial Appointment,,,,30,,,,,,,Y,,,
196,Pioneer Wales,1,Referral,Initial Appointment,50,Initial Appointment Attended,Initial Appointment Attended,,,Any,Initial Appointment,,,,40,10,Working Days,,15,,CSS1,,,,
197,Pioneer Wales,1,Referral,Work First Appraisal,60,Work First Appraisal,Activity,,,%Work First Appraisal%,,,,,50,,Working Days,,20,,CSS9,Y,,,
198,Pioneer Wales,1,Referral,Welcome Pack,70,Welcome Pack Sent,Correspondence,BOT - Welcome Pack,,,,,,,60,140,Working Days,,1,,CSS6,,,,
199,Pioneer Wales,1,Referral,Welcome Pack,80,Welcome Pack Uploaded,Documents,,%Welcome%Pack%,,,,,,70,140,Working Days,,1,,CSS6,,,,
200,Pioneer Wales,1,Referral,Action Plan,90,Initial Action Plan Uploaded,Documents,,%Action%Plan% Or %AP%,,,,,,80,10,Working Days,,20,,CSS7,,,,
201,Pioneer Wales,1,Referral,Action Plan,95,Monthly Action Plan Review,Documents,,%Action%Plan% Or %AP%,,,,,,90,90,Calendar Month -1,,1,,,Y,,,
202,Pioneer Wales,1,Referral,Referral Documents,100,Referral Documents Sent,Document Tracking,,,,,%Consent%,,,95,,,,,,,,,,
203,Pioneer Wales,1,Referral,Referral Documents,110,Referral Documents In Query,Document Tracking,,,,,%Consent%,,,100,,,,,,,Y,,,
204,Pioneer Wales,1,Referral,Referral Documents,120,Referral Documents Resent,Document Tracking,,,,,%Consent%,,,110,,,,,,,Y,,,
205,Pioneer Wales,1,Referral,Referral Documents,130,Referral Documents Completed,Document Tracking,,,,,%Consent%,,,120,,,,,,,,,,
206,Pioneer Wales,2,On Programme,Programme Start,140,Programme Start,Case,,,,,,,,130,,,,,,,,,,
207,Pioneer Wales,2,On Programme,First Contact,150,First Contact,Activity,Any,,Any,,,,,140,140,Working Days,,10,,CSS8,Y,,,
208,Pioneer Wales,2,On Programme,Missed Appointments,155,Missed Appointments,Activity,,,Any,,,,,150,155,Working Days,,1,,CSS10,Y,,,
209,Pioneer Wales,2,On Programme,Submission,160,Submission,Submissions,,,,,,,,155,,,,,,,Y,,,
210,Pioneer Wales,2,On Programme,Interview,170,Interview,Interview,,,,,,,,160,,,,,,,Y,,,
211,Pioneer Wales,2,On Programme,Offer Accepted,180,Offer Accepted,Submissions,,,,,,,,170,,,,,,,Y,,,
212,Pioneer Wales,2,On Programme,Catch up,190,Catch up weeks 1-2,StartEndOfPreviousEvent_StopAtNextEvent,,,,,,,,140,,Working Days From/To,0,10,,CSS8\CSS12,N,,,
213,Pioneer Wales,2,On Programme,Catch up,200,Catch up weeks 2-3,StartEndOfPreviousEvent_StopAtNextEvent,,,,,,,,140,,Working Days From/To,11,10,,CSS8\CSS12,N,,,
214,Pioneer Wales,2,On Programme,Catch up,210,Catch up weeks 3-4,StartEndOfPreviousEvent_StopAtNextEvent,,,,,,,,140,,Working Days From/To,21,10,,CSS8\CSS12,N,,,
215,Pioneer Wales,2,On Programme,Catch up,220,Catch up weeks 4-5,StartEndOfPreviousEvent_StopAtNextEvent,,,,,,,,140,,Working Days From/To,31,10,,CSS8\CSS12,N,,,
216,Pioneer Wales,2,On Programme,Catch up,230,Catch up weeks 5-6,StartEndOfPreviousEvent_StopAtNextEvent,,,,,,,,140,,Working Days From/To,41,10,,CSS8\CSS12,N,,,
217,Pioneer Wales,2,On Programme,Catch up,240,Catch up weeks 6-7,StartEndOfPreviousEvent_StopAtNextEvent,,,,,,,,140,,Working Days From/To,51,10,,CSS8\CSS12,N,,,
218,Pioneer Wales,2,On Programme,Catch up,250,Catch up weeks 7-8,StartEndOfPreviousEvent_StopAtNextEvent,,,,,,,,140,,Working Days From/To,61,10,,CSS8\CSS12,N,,,
219,Pioneer Wales,2,On Programme,Catch up,260,Catch up weeks 8-9,StartEndOfPreviousEvent_StopAtNextEvent,,,,,,,,140,,Working Days From/To,71,10,,CSS8\CSS12,N,,,
220,Pioneer Wales,2,On Programme,Catch up,270,Catch up weeks 9-10,StartEndOfPreviousEvent_StopAtNextEvent,,,,,,,,140,,Working Days From/To,81,10,,CSS8\CSS12,N,,,
221,Pioneer Wales,2,On Programme,Catch up,280,Catch up weeks 10-11,StartEndOfPreviousEvent_StopAtNextEvent,,,,,,,,140,,Working Days From/To,91,10,,CSS8\CSS12,N,,,
222,Pioneer Wales,2,On Programme,Catch up,290,Catch up weeks 11-12,StartEndOfPreviousEvent_StopAtNextEvent,,,,,,,,140,,Working Days From/To,101,10,,CSS8\CSS12,N,,,
223,Pioneer Wales,2,On Programme,Catch up,300,Catch up weeks 12-13,StartEndOfPreviousEvent_StopAtNextEvent,,,,,,,,140,,Working Days From/To,111,10,,CSS8\CSS12,N,,,
224,Pioneer Wales,2,On Programme,Catch up,310,Catch up weeks 13-14,StartEndOfPreviousEvent_StopAtNextEvent,,,,,,,,140,,Working Days From/To,121,10,,CSS8\CSS12,N,,,
225,Pioneer Wales,2,On Programme,Catch up,320,Catch up weeks 14-15,StartEndOfPreviousEvent_StopAtNextEvent,,,,,,,,140,,Working Days From/To,131,10,,CSS8\CSS12,N,,,
226,Pioneer Wales,2,On Programme,Catch up,330,Catch up weeks 15-16,StartEndOfPreviousEvent_StopAtNextEvent,,,,,,,,140,,Working Days From/To,141,10,,CSS8\CSS12,N,,,
227,Pioneer Wales,2,On Programme,Catch up,340,Catch up weeks 16-17,StartEndOfPreviousEvent_StopAtNextEvent,,,,,,,,140,,Working Days From/To,151,10,,CSS8\CSS12,N,,,
228,Pioneer Wales,2,On Programme,Catch up,350,Catch up weeks 17-18,StartEndOfPreviousEvent_StopAtNextEvent,,,,,,,,140,,Working Days From/To,161,10,,CSS8\CSS12,N,,,
229,Pioneer Wales,2,On Programme,Catch up,360,Catch up weeks 18-19,StartEndOfPreviousEvent_StopAtNextEvent,,,,,,,,140,,Working Days From/To,171,10,,CSS8\CSS12,N,,,
230,Pioneer Wales,2,On Programme,Catch up,370,Catch up weeks 19-20,StartEndOfPreviousEvent_StopAtNextEvent,,,,,,,,140,,Working Days From/To,181,10,,CSS8\CSS12,N,,,
231,Pioneer Wales,2,On Programme,Catch up,380,Catch up weeks 20-21,StartEndOfPreviousEvent_StopAtNextEvent,,,,,,,,140,,Working Days From/To,191,10,,CSS8\CSS12,N,,,
232,Pioneer Wales,2,On Programme,Catch up,390,Catch up weeks 21-22,StartEndOfPreviousEvent_StopAtNextEvent,,,,,,,,140,,Working Days From/To,201,10,,CSS8\CSS12,N,,,
233,Pioneer Wales,2,On Programme,Catch up,400,Catch up weeks 22-23,StartEndOfPreviousEvent_StopAtNextEvent,,,,,,,,140,,Working Days From/To,211,10,,CSS8\CSS12,N,,,
234,Pioneer Wales,2,On Programme,Catch up,410,Catch up weeks 23-24,StartEndOfPreviousEvent_StopAtNextEvent,,,,,,,,140,,Working Days From/To,221,10,,CSS8\CSS12,N,,,
235,Pioneer Wales,2,On Programme,Catch up,420,Catch up weeks 24-25,StartEndOfPreviousEvent_StopAtNextEvent,,,,,,,,140,,Working Days From/To,231,10,,CSS8\CSS12,N,,,
236,Pioneer Wales,2,On Programme,Catch up,430,Catch up weeks 25-26,StartEndOfPreviousEvent_StopAtNextEvent,,,,,,,,140,,Working Days From/To,241,10,,CSS8\CSS12,N,,,
237,Pioneer Wales,2,On Programme,Completed - Catch up,440,Completed - Catch up weeks 1-2,Contact,,,,,,,,190,,,,,,,N,,,
238,Pioneer Wales,2,On Programme,Completed - Catch up,450,Completed - Catch up weeks 2-3,Contact,,,,,,,,200,,,,,,,N,,,
239,Pioneer Wales,2,On Programme,Completed - Catch up,460,Completed - Catch up weeks 3-4,Contact,,,,,,,,210,,,,,,,N,,,
240,Pioneer Wales,2,On Programme,Completed - Catch up,470,Completed - Catch up weeks 4-5,Contact,,,,,,,,220,,,,,,,N,,,
241,Pioneer Wales,2,On Programme,Completed - Catch up,480,Completed - Catch up weeks 5-6,Contact,,,,,,,,230,,,,,,,N,,,
242,Pioneer Wales,2,On Programme,Completed - Catch up,490,Completed - Catch up weeks 6-7,Contact,,,,,,,,240,,,,,,,N,,,
243,Pioneer Wales,2,On Programme,Completed - Catch up,500,Completed - Catch up weeks 7-8,Contact,,,,,,,,250,,,,,,,N,,,
244,Pioneer Wales,2,On Programme,Completed - Catch up,510,Completed - Catch up weeks 8-9,Contact,,,,,,,,260,,,,,,,N,,,
245,Pioneer Wales,2,On Programme,Completed - Catch up,520,Completed - Catch up weeks 9-10,Contact,,,,,,,,270,,,,,,,N,,,
246,Pioneer Wales,2,On Programme,Completed - Catch up,530,Completed - Catch up weeks 10-11,Contact,,,,,,,,280,,,,,,,N,,,
247,Pioneer Wales,2,On Programme,Completed - Catch up,540,Completed - Catch up weeks 11-12,Contact,,,,,,,,290,,,,,,,N,,,
248,Pioneer Wales,2,On Programme,Completed - Catch up,550,Completed - Catch up weeks 12-13,Contact,,,,,,,,300,,,,,,,N,,,
249,Pioneer Wales,2,On Programme,Completed - Catch up,560,Completed - Catch up weeks 13-14,Contact,,,,,,,,310,,,,,,,N,,,
250,Pioneer Wales,2,On Programme,Completed - Catch up,570,Completed - Catch up weeks 14-15,Contact,,,,,,,,320,,,,,,,N,,,
251,Pioneer Wales,2,On Programme,Completed - Catch up,580,Completed - Catch up weeks 15-16,Contact,,,,,,,,330,,,,,,,N,,,
252,Pioneer Wales,2,On Programme,Completed - Catch up,590,Completed - Catch up weeks 16-17,Contact,,,,,,,,340,,,,,,,N,,,
253,Pioneer Wales,2,On Programme,Completed - Catch up,600,Completed - Catch up weeks 17-18,Contact,,,,,,,,350,,,,,,,N,,,
254,Pioneer Wales,2,On Programme,Completed - Catch up,610,Completed - Catch up weeks 18-19,Contact,,,,,,,,360,,,,,,,N,,,
255,Pioneer Wales,2,On Programme,Completed - Catch up,620,Completed - Catch up weeks 19-20,Contact,,,,,,,,370,,,,,,,N,,,
256,Pioneer Wales,2,On Programme,Completed - Catch up,630,Completed - Catch up weeks 20-21,Contact,,,,,,,,380,,,,,,,N,,,
257,Pioneer Wales,2,On Programme,Completed - Catch up,640,Completed - Catch up weeks 21-22,Contact,,,,,,,,390,,,,,,,N,,,
258,Pioneer Wales,2,On Programme,Completed - Catch up,650,Completed - Catch up weeks 22-23,Contact,,,,,,,,400,,,,,,,N,,,
259,Pioneer Wales,2,On Programme,Completed - Catch up,660,Completed - Catch up weeks 23-24,Contact,,,,,,,,410,,,,,,,N,,,
260,Pioneer Wales,2,On Programme,Completed - Catch up,670,Completed - Catch up weeks 24-25,Contact,,,,,,,,420,,,,,,,N,,,
261,Pioneer Wales,2,On Programme,Completed - Catch up,680,Completed - Catch up weeks 25-26,Contact,,,,,,,,430,,,,,,,N,,,
262,Pioneer Wales,3,In Work,Workplace Plan Appointment,690,Workplace Plan Appointment,Activity,,,Work Place Plan Appointment,,,,,180,140,Working Days,,1,,CSS11,Y,,,
263,Pioneer Wales,3,In Work,Job Start,700,Job Start Added,Assignment,,,,,,Job Start Date Added,,700,,,,,,,,,,
264,Pioneer Wales,3,In Work,Job Start,710,Job Start Verified,Assignment,,,,,,Job Verified Date,,710,,,,,,,,,,
265,Pioneer Wales,3,In Work,Job Start,720,Job Start Date,Assignment,,,,,,Job Start Date,,720,,,,,,,,,,
266,Pioneer Wales,3,In Work,Job Start,730,In Work Contact,Activity,Any,,Any,,,,,730,220,Working Days,,10,,CSS12,Y,,,
267,Pioneer Wales,3,In Work,In Work Action Plan,740,Action Plan Uploaded,Documents,,%Action%Plan% Or %AP%,,,,,,740,,,,,,,Y,,,
268,Pioneer Wales,3,In Work,Earnings,750,First HMRC Ping 1 (First Earnings),HMRC Data,,,,,,HRMC ,,750,,,,,,,,,,
269,Pioneer Wales,3,In Work,Earnings,760,HMRC Ping 2 (1000),HMRC Data,,,,,,,,760,,,,,,,,,,
270,Pioneer Wales,3,In Work,Earnings,770,HMRC Ping 3 (2000),HMRC Data,,,,,,,,770,,,,,,,,,,
271,Pioneer Wales,3,In Work,Earnings,780,HMRC Ping 4 (Threshold Reached),HMRC Data,,,,,,,,780,,,,,,,,,,
272,Pioneer Wales,3,In Work,Earnings,790,First HMRC Ping 5 (Employment End),HMRC Data,,,,,,,,790,,,,,,,,,,
273,Pioneer Wales,3,In Work,Earnings,800,Job Outcome Paid,Assignment,,,,,,,,800,,,,,,,,,,
274,Pioneer Wales,4,Exit,Programme Exit,810,Programme Exit,Case,,,,,,Programme Leave Date,,810,,,,,,,,,,
275,Pioneer Wales,4,Exit,Programme Exit,820,Exit Report Upload,Documents,,WHP Exit Report,,,%Exit Report%,,,820,300,Working Days,,10,,CSS13,,,,
276,Pioneer Wales,4,Exit,Programme Exit,830,Exit Report Documents Sent,Document Tracking,,,,,%Exit Report%,,,830,,,,,,,,,,
277,Pioneer Wales,4,Exit,Programme Exit,840,Exit Report Documents In Query,Document Tracking,,,,,%Exit Report%,,,840,,,,,,,,,,
278,Pioneer Wales,4,Exit,Programme Exit,850,Exit Report Documents Resent,Document Tracking,,,,,%Exit Report%,,,850,,,,,,,,,,
279,Pioneer Wales,4,Exit,Programme Exit,860,Exit Report Documents Completed,Document Tracking,,,,,%Exit Report%,,,860,,,,,,,,,,
280,Pioneer Wales,4,Exit,Programme Exit,870,Exit Interview Booked,Activity_Booked_Date,,,Exit Interview,,,,,870,,,,,,,,,,
281,Pioneer Wales,4,Exit,Programme Exit,880,Exit Interview Failed To Attend,Activity_Failed_Attend_Date,,,Exit Interview,,,,,880,,,,,,,,,,
282,Pioneer Wales,4,Exit,Programme Exit,890,Exit Interview Attended,Activity_Attended_Date,,,Exit Interview,,,,,890,,,,,,,,,,
283,Pioneer London,1,Referral,PRaP Referral,10,PRaP Referral,Referral,,,,,,Referral Date,,,,,,,,,,,,
284,Pioneer London,1,Referral,Initial Contact,20,Initial Contact,First Correspondence,Any,,,,,,,10,10,Working Days,,2,,CSS1,,,,
285,Pioneer London,1,Referral,Initial Appointment,30,Initial Appointment Booked,Initial Appointment Booked,,,Any,Initial Appointment,,,,20,,,,,,,Y,,,
286,Pioneer London,1,Referral,Initial Appointment,40,Initial Appointment Failed To Attend,Initial Appointment Failed To Attend,,,Any,Initial Appointment,,,,30,,,,,,,Y,,,
287,Pioneer London,1,Referral,Initial Appointment,50,Initial Appointment Attended,Initial Appointment Attended,,,Any,Initial Appointment,,,,40,10,Working Days,,15,,CSS2,,,,
288,Pioneer London,1,Referral,BPSA,60,BPSA,Activity,,,%BPSA%,,,,,50,10,Working Days,,20,,CSS3,Y,,,
289,Pioneer London,1,Referral,Welcome Pack,70,Welcome Pack Sent,Correspondence,BOT - Welcome Pack,,,,,,,60,140,Working Days,,1,,,,,,
290,Pioneer London,1,Referral,Welcome Pack,80,ESF1420 Uploaded,Documents,,%ESF1420%,,,,,,70,140,Working Days,,1,,,,,,
291,Pioneer London,1,Referral,Action Plan,90,Initial Action Plan Uploaded,Documents,,%Action Plan%,,,,,,80,10,Working Days,,20,,CSS4,,,,
292,Pioneer London,1,Referral,Action Plan,95,Monthly Action Plan Review,Documents,,%Action Plan%,,,,,,90,90,Calendar Month -1,,60,,CSS7,Y,,,
293,Pioneer London,1,Referral,Referral Documents,100,Referral Documents Sent,Document Tracking,,,,,%Consent%,,,95,,,,,,,,,,
294,Pioneer London,1,Referral,Referral Documents,110,Referral Documents In Query,Document Tracking,,,,,%Consent%,,,100,,,,,,,Y,,,
295,Pioneer London,1,Referral,Referral Documents,120,Referral Documents Resent,Document Tracking,,,,,%Consent%,,,110,,,,,,,Y,,,
296,Pioneer London,1,Referral,Referral Documents,130,Referral Documents Completed,Document Tracking,,,,,%Consent%,,,120,,,,,,,,,,
297,Pioneer London,2,On Programme,Programme Start,140,Programme Start,Case,,,,,,,,130,,,,,,,,,,
298,Pioneer London,2,On Programme,First Contact,150,First Contact,Activity,Any,,Any,,,,,140,140,Working Days,,10,,CSS6,Y,,,
299,Pioneer London,2,On Programme,Missed Appointments,155,Missed Appointments,Activity,,,Any,,,,,150,155,Working Days,,2,,,Y,,,
300,Pioneer London,2,On Programme,Onboartding Activity,160,BOC - Better off Calculation,Activity,,,%BOC%,,,,,155,,Working Days,,30,,CSS9,,,,
301,Pioneer London,2,On Programme,Onboartding Activity,170,CV Review,Activity,,,%CV%,,,,,160,,,,,,CSS8,,,,
302,Pioneer London,2,On Programme,Onboartding Activity,180,Mock Interview,Activity,,,%Mock%,,,,,170,,Working Days,,90,,CSS11,,,,
303,Pioneer London,2,On Programme,Submission,190,Submission,Submissions,,,,,,,,180,,,,,,,Y,,,
304,Pioneer London,2,On Programme,Interview,200,Interview,Interview,,,,,,,,190,,,,,,,Y,,,
305,Pioneer London,2,On Programme,Offer Accepted,210,Offer Accepted,Submissions,,,,,,,,200,,,,,,,Y,,,
306,Pioneer London,2,On Programme,Transition to Work Assessment,220,Transition to Work Assessment,Activity,,,,,,,,210,,,,,,,,,,
307,Pioneer London,2,On Programme,Catch up,500,Catch up weeks 1-2,StartEndOfPreviousEvent_StopAtNextEvent,,,,,,,,140,,Working Days From/To,0,10,,CSS5,N,,,
308,Pioneer London,2,On Programme,Catch up,510,Catch up weeks 2-3,StartEndOfPreviousEvent_StopAtNextEvent,,,,,,,,140,,Working Days From/To,11,10,,CSS5,N,,,
309,Pioneer London,2,On Programme,Catch up,520,Catch up weeks 3-4,StartEndOfPreviousEvent_StopAtNextEvent,,,,,,,,140,,Working Days From/To,21,10,,CSS5,N,,,
310,Pioneer London,2,On Programme,Catch up,530,Catch up weeks 4-5,StartEndOfPreviousEvent_StopAtNextEvent,,,,,,,,140,,Working Days From/To,31,10,,CSS5,N,,,
311,Pioneer London,2,On Programme,Catch up,540,Catch up weeks 5-6,StartEndOfPreviousEvent_StopAtNextEvent,,,,,,,,140,,Working Days From/To,41,10,,CSS5,N,,,
312,Pioneer London,2,On Programme,Catch up,550,Catch up weeks 6-7,StartEndOfPreviousEvent_StopAtNextEvent,,,,,,,,140,,Working Days From/To,51,10,,CSS5,N,,,
313,Pioneer London,2,On Programme,Catch up,560,Catch up weeks 7-8,StartEndOfPreviousEvent_StopAtNextEvent,,,,,,,,140,,Working Days From/To,61,10,,CSS5,N,,,
314,Pioneer London,2,On Programme,Catch up,570,Catch up weeks 8-9,StartEndOfPreviousEvent_StopAtNextEvent,,,,,,,,140,,Working Days From/To,71,10,,CSS5,N,,,
315,Pioneer London,2,On Programme,Catch up,580,Catch up weeks 9-10,StartEndOfPreviousEvent_StopAtNextEvent,,,,,,,,140,,Working Days From/To,81,10,,CSS5,N,,,
316,Pioneer London,2,On Programme,Catch up,590,Catch up weeks 10-11,StartEndOfPreviousEvent_StopAtNextEvent,,,,,,,,140,,Working Days From/To,91,10,,CSS5,N,,,
317,Pioneer London,2,On Programme,Catch up,600,Catch up weeks 11-12,StartEndOfPreviousEvent_StopAtNextEvent,,,,,,,,140,,Working Days From/To,101,10,,CSS5,N,,,
318,Pioneer London,2,On Programme,Catch up,610,Catch up weeks 12-13,StartEndOfPreviousEvent_StopAtNextEvent,,,,,,,,140,,Working Days From/To,111,10,,CSS5,N,,,
319,Pioneer London,2,On Programme,Catch up,620,Catch up weeks 13-14,StartEndOfPreviousEvent_StopAtNextEvent,,,,,,,,140,,Working Days From/To,121,10,,CSS5,N,,,
320,Pioneer London,2,On Programme,Catch up,630,Catch up weeks 14-15,StartEndOfPreviousEvent_StopAtNextEvent,,,,,,,,140,,Working Days From/To,131,10,,CSS5,N,,,
321,Pioneer London,2,On Programme,Catch up,640,Catch up weeks 15-16,StartEndOfPreviousEvent_StopAtNextEvent,,,,,,,,140,,Working Days From/To,141,10,,CSS5,N,,,
322,Pioneer London,2,On Programme,Catch up,650,Catch up weeks 16-17,StartEndOfPreviousEvent_StopAtNextEvent,,,,,,,,140,,Working Days From/To,151,10,,CSS5,N,,,
323,Pioneer London,2,On Programme,Catch up,660,Catch up weeks 17-18,StartEndOfPreviousEvent_StopAtNextEvent,,,,,,,,140,,Working Days From/To,161,10,,CSS5,N,,,
324,Pioneer London,2,On Programme,Catch up,670,Catch up weeks 18-19,StartEndOfPreviousEvent_StopAtNextEvent,,,,,,,,140,,Working Days From/To,171,10,,CSS5,N,,,
325,Pioneer London,2,On Programme,Catch up,680,Catch up weeks 19-20,StartEndOfPreviousEvent_StopAtNextEvent,,,,,,,,140,,Working Days From/To,181,10,,CSS5,N,,,
326,Pioneer London,2,On Programme,Catch up,690,Catch up weeks 20-21,StartEndOfPreviousEvent_StopAtNextEvent,,,,,,,,140,,Working Days From/To,191,10,,CSS5,N,,,
327,Pioneer London,2,On Programme,Catch up,700,Catch up weeks 21-22,StartEndOfPreviousEvent_StopAtNextEvent,,,,,,,,140,,Working Days From/To,201,10,,CSS5,N,,,
328,Pioneer London,2,On Programme,Catch up,710,Catch up weeks 22-23,StartEndOfPreviousEvent_StopAtNextEvent,,,,,,,,140,,Working Days From/To,211,10,,CSS5,N,,,
329,Pioneer London,2,On Programme,Catch up,720,Catch up weeks 23-24,StartEndOfPreviousEvent_StopAtNextEvent,,,,,,,,140,,Working Days From/To,221,10,,CSS5,N,,,
330,Pioneer London,2,On Programme,Catch up,730,Catch up weeks 24-25,StartEndOfPreviousEvent_StopAtNextEvent,,,,,,,,140,,Working Days From/To,231,10,,CSS5,N,,,
331,Pioneer London,2,On Programme,Catch up,740,Catch up weeks 25-26,StartEndOfPreviousEvent_StopAtNextEvent,,,,,,,,140,,Working Days From/To,241,10,,CSS5,N,,,
332,Pioneer London,2,On Programme,Completed - Catch up,750,Completed - Catch up weeks 1-2,Contact,,,,,,,,500,,,,,,,N,,,
333,Pioneer London,2,On Programme,Completed - Catch up,760,Completed - Catch up weeks 2-3,Contact,,,,,,,,510,,,,,,,N,,,
334,Pioneer London,2,On Programme,Completed - Catch up,770,Completed - Catch up weeks 3-4,Contact,,,,,,,,520,,,,,,,N,,,
335,Pioneer London,2,On Programme,Completed - Catch up,780,Completed - Catch up weeks 4-5,Contact,,,,,,,,530,,,,,,,N,,,
336,Pioneer London,2,On Programme,Completed - Catch up,790,Completed - Catch up weeks 5-6,Contact,,,,,,,,540,,,,,,,N,,,
337,Pioneer London,2,On Programme,Completed - Catch up,800,Completed - Catch up weeks 6-7,Contact,,,,,,,,550,,,,,,,N,,,
338,Pioneer London,2,On Programme,Completed - Catch up,810,Completed - Catch up weeks 7-8,Contact,,,,,,,,560,,,,,,,N,,,
339,Pioneer London,2,On Programme,Completed - Catch up,820,Completed - Catch up weeks 8-9,Contact,,,,,,,,570,,,,,,,N,,,
340,Pioneer London,2,On Programme,Completed - Catch up,830,Completed - Catch up weeks 9-10,Contact,,,,,,,,580,,,,,,,N,,,
341,Pioneer London,2,On Programme,Completed - Catch up,840,Completed - Catch up weeks 10-11,Contact,,,,,,,,590,,,,,,,N,,,
342,Pioneer London,2,On Programme,Completed - Catch up,850,Completed - Catch up weeks 11-12,Contact,,,,,,,,600,,,,,,,N,,,
343,Pioneer London,2,On Programme,Completed - Catch up,860,Completed - Catch up weeks 12-13,Contact,,,,,,,,610,,,,,,,N,,,
344,Pioneer London,2,On Programme,Completed - Catch up,870,Completed - Catch up weeks 13-14,Contact,,,,,,,,620,,,,,,,N,,,
345,Pioneer London,2,On Programme,Completed - Catch up,880,Completed - Catch up weeks 14-15,Contact,,,,,,,,630,,,,,,,N,,,
346,Pioneer London,2,On Programme,Completed - Catch up,890,Completed - Catch up weeks 15-16,Contact,,,,,,,,640,,,,,,,N,,,
347,Pioneer London,2,On Programme,Completed - Catch up,900,Completed - Catch up weeks 16-17,Contact,,,,,,,,650,,,,,,,N,,,
348,Pioneer London,2,On Programme,Completed - Catch up,910,Completed - Catch up weeks 17-18,Contact,,,,,,,,660,,,,,,,N,,,
349,Pioneer London,2,On Programme,Completed - Catch up,920,Completed - Catch up weeks 18-19,Contact,,,,,,,,670,,,,,,,N,,,
350,Pioneer London,2,On Programme,Completed - Catch up,930,Completed - Catch up weeks 19-20,Contact,,,,,,,,680,,,,,,,N,,,
351,Pioneer London,2,On Programme,Completed - Catch up,940,Completed - Catch up weeks 20-21,Contact,,,,,,,,690,,,,,,,N,,,
352,Pioneer London,2,On Programme,Completed - Catch up,950,Completed - Catch up weeks 21-22,Contact,,,,,,,,700,,,,,,,N,,,
353,Pioneer London,2,On Programme,Completed - Catch up,960,Completed - Catch up weeks 22-23,Contact,,,,,,,,710,,,,,,,N,,,
354,Pioneer London,2,On Programme,Completed - Catch up,970,Completed - Catch up weeks 23-24,Contact,,,,,,,,720,,,,,,,N,,,
355,Pioneer London,2,On Programme,Completed - Catch up,980,Completed - Catch up weeks 24-25,Contact,,,,,,,,730,,,,,,,N,,,
356,Pioneer London,2,On Programme,Completed - Catch up,990,Completed - Catch up weeks 25-26,Contact,,,,,,,,740,,,,,,,N,,,
357,Pioneer London,2,On Programme,Vacancy Family Box,1400,Vacancy Family Box,Activity,,,,,,,,140,140,Working Days,,30,,CSS10,,,,
358,Pioneer London,2,On Programme,CPN Referral,1500,CPN Referral,Activity,,,,,,,,140,,,,,,CSS12,,,,
359,Pioneer London,2,On Programme,MPS Sector Routeway,1600,MPS Sector Routeway,Activity,,,MPS Sector Routeway,,,,,140,,,,,,CSS13,,,,
360,Pioneer London,2,On Programme,NEO Selected,1700,NEO Selected,Activity,,,,,,,,140,,,,,,CSS14,,,,
361,Pioneer London,2,On Programme,Distance Travelled Score Increase,1800,Distance Travelled Score Increase,Activity,,,,,,,,140,,,,,,CSS17,,,,
362,Pioneer London,3,In Work,Workplace Plan Appointment,225,Workplace Plan Appointment,Activity,,,Work Place Plan Appointment,,,,,220,,Working Days,,10,,CSS15,Y,,,
363,Pioneer London,3,In Work,Job Start,230,Job Start Added,Assignment,,,,,,Job Start Date Added,,225,,,,,,,,,,
364,Pioneer London,3,In Work,Job Start,240,Job Start Verified,Assignment,,,,,,Job Verified Date,,230,,,,,,,,,,
365,Pioneer London,3,In Work,Job Start,250,Job Start Date,Assignment,,,,,,Job Start Date,,240,,,,,,,,,,
366,Pioneer London,3,In Work,Job Start,260,In Work Contact,Activity,Any,,Any,,,,,250,220,Calendar Days,,30,,CSS16,Y,,,
367,Pioneer London,3,In Work,In Work Action Plan,270,Action Plan Uploaded,Documents,,%Action Plan%,,,,,,260,,,,,,,Y,,,
368,Pioneer London,3,In Work,Earnings,280,First HMRC Ping 1 (First Earnings),HMRC Data,,,,,,HRMC ,,270,,,,,,,,,,
369,Pioneer London,3,In Work,Earnings,290,HMRC Ping 2 (1000),HMRC Data,,,,,,,,280,,,,,,,,,,
370,Pioneer London,3,In Work,Earnings,300,HMRC Ping 3 (2000),HMRC Data,,,,,,,,290,,,,,,,,,,
371,Pioneer London,3,In Work,Earnings,310,HMRC Ping 4 (Threshold Reached),HMRC Data,,,,,,,,300,,,,,,,,,,
372,Pioneer London,3,In Work,Earnings,320,First HMRC Ping 5 (Employment End),HMRC Data,,,,,,,,310,,,,,,,,,,
373,Pioneer London,3,In Work,Earnings,330,Job Outcome Paid,Assignment,,,,,,,,320,,,,,,,,,,
374,Pioneer London,4,Exit,Programme Exit,340,Programme Exit,Case,,,,,,Programme Leave Date,,330,,,,,,,,,,
375,Pioneer London,4,Exit,Programme Exit,350,Exit Report Upload,Documents,,WHP Exit Report,,,%Exit Report%,,,340,300,Working Days,,10,,,,,,
376,Pioneer London,4,Exit,Programme Exit,360,Exit Report Documents Sent,Document Tracking,,,,,%Exit Report%,,,350,,,,,,,,,,
377,Pioneer London,4,Exit,Programme Exit,370,Exit Report Documents In Query,Document Tracking,,,,,%Exit Report%,,,360,,,,,,,,,,
378,Pioneer London,4,Exit,Programme Exit,380,Exit Report Documents Resent,Document Tracking,,,,,%Exit Report%,,,370,,,,,,,,,,
379,Pioneer London,4,Exit,Programme Exit,390,Exit Report Documents Completed,Document Tracking,,,,,%Exit Report%,,,380,,,,,,,,,,
380,Pioneer London,4,Exit,Programme Exit,400,Exit Interview Booked,Activity_Booked_Date,,,Exit Interview,,,,,390,,,,,,,,,,
381,Pioneer London,4,Exit,Programme Exit,410,Exit Interview Failed To Attend,Activity_Failed_Attend_Date,,,Exit Interview,,,,,400,,,,,,,,,,
382,Pioneer London,4,Exit,Programme Exit,420,Exit Interview Attended,Activity_Attended_Date,,,Exit Interview,,,,,410,,,,,,,,,,
